https://www.instagram.com/p/DGJiIfzKAQr/,hashtags:,#YUCATÃN
username,comment_id,text
inghectorsolar24,18361871983144659,Confirmo asÃ­ son y muchas mÃ¡s
lu_baudone,18056463098602163,Dijo persona brillante como DT? Naaaa no va entender nunca
omar_garcia_632212,18049766114565889,Aqui la prueba de que dios si castiga 3 veces
zaldivar.nery321,18053624990103163,Me doliÃ³ la cabezaa!
carlosbridiezcas,18065787680140718,Es como borrow
soyanna_y_ya,18073884736989715,"@carlosbridiezcas igual sigo sin entender jsjs borrow es prestar, y lueho que? Jajs"
carlosbridiezcas,17996312813812830,"Nooo, borrow NO es prestar, es tomar prestado, serÃ­a â€œI borrowâ€=â€œyo tomo prestadoâ€"
soyanna_y_ya,18065467583183205,"@carlosbridiezcas jaja me estoy mareandoğŸ˜‚"" lend"" = me prestas... y ""borrow"" =tomo prestado"
iamromantercero,18526402723024724,"Lo busco, lo busco y no lo busco! PelanÃ¡ğŸ˜‚ğŸ˜‚ğŸ˜‚ğŸ˜‚"
reengarciayt,18016687037542407,AquÃ­ dicen *Me emprestas*
edy_block_,18283602448255326,Se pasÃ³ de v3rg@
alicia_herrera_del_cueto,17842533870502789,Cuesta entenderlo
jese_jt,17854538679446618,Es como el borrow en el Ingles
jourod,18357361264145083,ğŸ˜
kodoku_mushi,18039966683304976,"Que haya dicho que a una persona brillante como Donal Trump si le hubiera entendido, dice mucho de ese sujeto (y nada bueno ehhh). No deberÃ­as juntarte con gente fea, Tila."
zamahi_con_z,18086131750632542,"Ellos dicen â€œte prestoâ€

â€œTe presto $100â€
Funciona igual para indicar que yo te di los $100.
â€œTe presto $100â€
Funciona para indicar que tÃº me diste los $100.

TambiÃ©n quedÃ© como Marco la primera vez que lo escuchÃ©"
xinduxa,17944022033867863,No sabia q era igual en maya ğŸ˜®
jorge_enriquez12,18035550317637898,Le encanta Donald Trumpâ¤ï¸â¤ï¸
youngwalemx,18015841325524368,"El tambiÃ©n famosÃ­simo lo busco, lo busco y no lo busco."
lzrene,17848593681435016,YucatÃ¡n es un paÃ­s dentro de MÃ©xico
adelahernandezcastillo,18038045789313557,"A mi me dijeron una vez, te presto dinero, y pues yo no necesitaba , me quedÃ© muy confundida, en realidad me estaban pidiendo"
shadowman.travel,17883939846271740,Mejor dicho MAYA-TON
an.o_o.gy,18011097404549933,En Tapachula tmb hay personas q hablan asÃ­ ğŸ¤­
chinawonderful,18085360387624687,ğŸ˜‚ğŸ˜‚ğŸ˜‚ğŸ˜‚ğŸ˜‚ğŸ˜‚
nitan_rubio,17901753990156622,"Como la gente que dice ""me hizo infiel"", en lugar de ""me fue infiel"". O el uso de ""ocupo"" en lugar de ""necesito"". ğŸ§ O ""Engreir"" en lugar de ""consentir"". (?)"
dain23art,18065199067945446,Te presto la pluma (que tÃº le das prestado algo) super divertido cuando lo escuchas la primera vez.
pabloyessi,18030023117368085,"Lo importante es como el Maya aunque no se hable en totalidad, aun sigue presente en un idioma que invadiÃ³ una cultura avanzada y una sociedad compleja. 
Gracias @tilasesto por siempre dejarlo evidencia."
maiteperezcortez,18038244509625102,O cuando dicen â€œandas dineroâ€
martinezlucio,18044966087111831,"A la ma.dre, no entendÃ­ ni mad.res. Ahora explÃ­quenme en inglÃ©s, soy pocho!"
victorialetelier,18101230156511916,Es prestada
jorge_aldecua,18315981463204021,Preste atenciÃ³n al video pero no entendÃ­ ğŸ¤£ğŸ¤£ğŸ¤£
meylinhu1,17842311657455675,ğŸ˜®â€ğŸ’¨ğŸ˜”ğŸ˜”
mokacount,18034681022628567,es TransYuca?? ğŸ˜‚
sarelly.q,17900628735155841,"Es como alquilar, la que la tiene alquilada es ella."
albarran.adrian,17852892378420616,Ya duÃ©rmanla
el_kiki_mon,17842017816458155,El maya si como no. A los yucatequitos les falta mucho para ser mayas.
djmata92,18050575109014595,CÃ³mo los chiapanecos cuando piden dinero prestado (dicen te emprÃ©sto dinero )ğŸ’´
ygo_feran,18072643330837141,Asco mil
jorg_manz,17918175999077586,Yo no entendÃ­ ğŸ¤·ğŸ»â€â™‚ï¸ eso es robo pelana
ari.vargas.go,18498359758004786,"Lo vi hasta que Lo entendÃ­, gracias."
jean_7u7,18099164173463472,QuedÃ© Bomba!
tonicolombianito,17975575373703676,"Al principio no entendÃ­ nada, pero lo Ãºltimo tampoco ğŸ˜©ğŸ˜©â€”â€”â€”â€”â€”â€”>>>"
paulhgm01,18334576780090515,No entendÃ­ tampoco
elizondoangelica1,18047743481522362,"Eso no lo decimos todos, no generalicen"
edu_fernandez17,17902402494113129,
javizaytres_,17855359179352823,nombree por eso bufan a los yucatecos!
itzel_mexa,18493453381048067,Mi primer shock yucateco fue a los 6 aÃ±os cuando una Andrea me pidiÃ³ prestado un tajador.
violelinette,17943595835969091,Escuchar tantas veces la palabra *prestar* como que sentÃ­ que es una palabra inventada ğŸ˜³ğŸ¤¦ğŸ»â€â™€ï¸
alejandromanzanilla00,17938858151973037,El maya lo tenemos hasta en lo mÃ¡s recÃ³ndito de nuestro bobox
gostavossilvarios,18496857781032067,En Maracaibo.. coro . Y parte de Lara en venezuela es igual..parte de la costa colombiana tambiÃ©n usar ese verbo...asi
armandcalztor,18033524372310792,Es como necesito y ocupo ğŸ˜‚
mariafelix.aguilar,18349566331197006,"Es verdad mi pareja es  yucateco y dise busque  el control del TV, y yo me enojo y le digo no buscaste lo encontraste! Y aveces me eccabrona."
silviagonzalezvalle,18060468305081917,ğŸ˜‚ğŸ˜‚ğŸ˜‚ğŸ˜‚ğŸ˜‚ğŸ˜‚
miguel_ortezuma,18050919941190325,cada dÃ­a mÃ¡s enamorado de la cultura yucateca
soyluisaelias,18037858061226686,Ohh que cool ğŸ‘
zielogr,18034630295554498,"ğŸ˜‚ğŸ˜‚ğŸ˜‚ğŸ˜‚ğŸ˜‚ğŸ˜‚ definitivamente es lenguaje yuca esta pasadoooo â€¦. Pero ajÃ¡ no los trates de corregir xq, ya valiste nene"
elto_dasmias96,18027196739374819,"Wey no inviten a este tipo de ""comediantes yucatecos"" que solo se humillan y humillan a YucatÃ¡n ğŸ˜¡"
tilasesto,18090224077569637,"@elto_dasmias96 pos te tocarÃ¡ soportar! un buen rato, quieres cremita para tu ardor?"
elto_dasmias96,18089962081510221,"@tilasesto llÃ©vatela para tu esposo, luego le arde cuando se quita su prÃ³tesis jajajajağŸ˜‚ğŸ˜‚ mejor calladite"
frank_pererod,18003925700762439,@elto_dasmias96 wey ya no estas en la escuela mamÃ³n
fer_dt_cd,18023878532448375,Ches Yucas...
orlandolluckjr,18083316787716620,@vickywolff  LO BUSCO LO BUSCO PERO NO LO BUSCO! ğŸ˜‚
robbielugo,18049159166465661,Ya he lidiado con esos yucas que hablan asÃ­ jajajaja
fran.gmx,18074238724652357,Â¿QuiÃ©n me jalÃ³ mi cabello?
anasguevaraa,18076304911775854,â€œYa me quitÃ© de ahÃ­â€â€¦ ya me fuÃ­ jaja
carlojcc,18029569793638313,Me dijeron te alcanzo y que me voy jajajaja anÃ©cdota real
samuel.sigsam,17847363579430298,"Es como alquilar o rentar, tengo la casa rentada,"
gracidarod,18321374308205993,"Donald Trump, una persona brillante????"
delizgz,18217331380292079,"Solo los yucatecos entienden el yucateco,"
braulicazas,18088932817576412,ğŸ˜‚ğŸ˜‚ğŸ˜‚ğŸ‘ğŸ‘
iclaussen_,18101118808507052,Una persona brillante como Donald Trump si lo entiendo . Jajajaja se te ve el plumero!
_adanmx,17889258363210761,En realidad cuando quieres algo prestado de otra persona. Le dices te presto tu pluma ğŸ˜‚ a lo mejor el nervio le ganÃ³ y lo explicÃ³ mal
jessicadaura,17903205321035499,Lo vi varias veces no entendÃ­ ğŸ˜¢pero si me reÃ­ â˜ºï¸
estherleal12,18033389123545217,Primero las clases cucho por favor @kikeescalante
_elmojica,18115115671460488,@soymarmatos me explicas ?
soymarmatos,17961713741899620,"@_elmojica JAJA la verdad eso no lo entiendo tampoco jajaja , otras palabras raras si ğŸ˜‚"
borre_aguirre,17852121471410194,@zoe_hdez
hitomytendo,18166558786328372,Ay nanita ğŸ™ˆ
shefytm,18073369684746289,Maya tones !
tushachan,17918429999961478,El famoso Negociante!!!!
sergito1125,18003439967727795,Como rentar
silvergirl.mx,18084371443542574,@pacoblingbling ğŸ˜‚ğŸ˜‚ğŸ˜‚
y.a.y.a.2.9,18132561016394316,ğŸ˜‚ğŸ˜‚ğŸ˜‚
kevinmckeell,18049238579216300,"Es como Rentar
*Estoy rentando una casa (yo pago renta porque la casa no es mia)
*Estoy rentando una casa (la casa es mia y se la rento a alguien mas) algo asÃ­ no?"
lupita.iglesias,18002431016738396,Quien me jalÃ³ mi pelo ?ğŸ¤£
itsmagda3.0,18045085910344491,Me pareciÃ³ muy interesante eso de que en YucatÃ¡n tienen esa forma de hablar por influencia del Maya ğŸ˜® ğŸ™‚ğŸ™‚
dan1el_mendez,18071444488828827,"Es como cuando decimos ""lo rentÃ©""."
kevin.zwpeda,18041405891148313,Por quÃ© no solo hablan bien
pedro_zaleta187,18068227810859537,"Entonces cuando dicen quien jalo mÃ­ cabello ,  a quÃ© sÃ© refiere"
bereniceft25,18057375395041396,ğŸ¤”bomba ğŸ¤­
bereniceft25,18019853849671014,?????ğŸ˜‚
binaryandbeats,18094043851558005,Trump brillante? ğŸ˜‚
chr_istianlp,18078617017584170,Pues dile que par que vea que no solo el trompas es brillante
azu.feminanzas,18009008627526834,Jajajaja
ani.mtzc,18048852974518366,@yereniad
nochespurpura,18068556481895173,ğŸ˜‚ğŸ˜‚ğŸ˜‚
lezlyhainez,18036530216230015,Igual en Chiapas! Jajaja trauma entender eso jaja
cuervoduham,17953142531792859,"""Una persona brillante como Donald Trump""!? Definitivamente Regil ha cambiado o sacado su verdadera personalidad con el paso de los aÃ±os... Y lo digo como algo completamente negativo"
carola_juarez95,18218179288294509,Persona brillante como Donald....
149.5978707e9,18061924354801884,Hablan con el xic.
androsleguina,18448000690076148,Tenia una amiga de ahi que decia. Te presto mi peine! y mi tia se la quedaba viendo y respondia: pero no necesito tu peine. yo tengo el mio ğŸ˜‚ğŸ˜‚ğŸ˜‚ğŸ˜‚ğŸ˜‚
hii_coco,17902649934102496,Soy yucateca y tampoco entendÃ­ lo que dijo ğŸ¤·â€â™€ï¸
alejandromanzanilla00,18085158310540537,@hii_coco yucafresa dirÃ¡s.
mcjayproducer,17900997906131145,El para que cosa de quee??? ğŸ˜µâ€ğŸ’«ğŸ˜µâ€ğŸ’«ğŸ˜µâ€ğŸ’«ğŸ˜µâ€ğŸ’«ğŸ˜µğŸ˜µğŸ˜µğŸ˜µ
fernando_caamalrx,18050480909246019,De donde sacan eso??
dulos69,17876136138183304,Me quedo con el Nahuatl
angieruvalcabagonzalez,18271973269254763,"Todos atacados cuando Regil menciona a ""la persona brillante"", ya nadie entiende el SARCASMO"
magaly_zahe,17901457608129725,"Es la explicaciÃ³n mÃ¡s fÃ¡cil de entender de por quÃ© hablan asiğŸ˜® me encantÃ³, todo por la traducciÃ³n del Maya â¤ï¸ ğŸ‘ğŸ‘ğŸ‘ğŸ‘ğŸ‘ğŸ‘ğŸ‘"
jckraquen,18111630847462166,No entendi ni madres
jesusfreyes,17844705138418566,No pues maya  e inge a su mdre
elen_perez_822,18059124364997189,AsÃ­ pasa con los tiempos verbales... O al menos asÃ­ lo entendÃ­
albertochavolla,17957807810874269,30 aÃ±os y sigo sin entender sus modismos.
rauljuanluis,18092013784483745,Otro mÃ¡s q saca el verdadero cobre
franciscojavierencalada,17854942275391037,"Que vergÃ¼enza  por culpa de estos cÃ³micos se rien de nosotros , nada de risa"
ferdinando.a.fonseca,17886149661209667,"O sea, al revÃ©s todo ğŸ¤¦ğŸ»ğŸ¤£ğŸ¤£"
florliles,17888660889197720,â€œUna persona brillante como Donald Trump si lo hubiera entendidoâ€ ğŸ˜‚
krola_gaona,18063534670765000,"Es que en maya lo que le da sentido a la palabra raiz es la declinaciÃ³n, como el latÃ­n o el euskera, los sufijos y prefijos son los que dan sentido"
pareja_patricia,17984508269797949,â¤ï¸
a_varelat1,18108517639476166,"Jajaja yo tenÃ­a un compaÃ±ero en la primaria que que asÃ­ decÃ­a cuando pedÃ­a prestado algo, siempre me quedaba con cara de ğŸ˜³"
marywho_09,18004112231555581,Es hombre ho mujer ??
aliana_110592,18065336302918938,ğŸ˜ğŸ˜‚
jessieewallsss,17894489541157382,@jessicatreppiedi jajaja jajaja jajaja ğŸ˜‚ğŸ˜‚ğŸ˜‚
tristan_jedith,18049336283005315,Como dice que dijo? ğŸ¤”ğŸ¤­
anamorfico_mx,18006465647708082,"En la cosmologÃ­a maya , la palabra encontrar no existe , porque uno no encuentra , mÃ¡s bien busca."
ortegamayoral,17848953369409245,@vickywolff
barrygon1,18074700445706153,Tila agarra a un mediocre de televisa.
paulina_reypra,18030358892559370,@vickywolff ya entendÃ­ de dÃ³nde deriva todo el problema ğŸ˜‚
yucaxtleco,17884414671125528,"Que onda con la imagen que sale al final... Ese no es guerrero maya, no se ve moreno y menos usaban ese tipo de espada. Hubiera quedado mejor un mestizo."
sergio.cordova.3388630,17957456177869850,ğŸ˜ğŸ«¨ğŸ«¨ğŸ«¨ğŸ«¤ğŸ¤”ğŸ¤”ğŸ¤”ğŸ¤”ğŸ˜µâ€ğŸ’«ğŸ˜µâ€ğŸ’«ğŸ˜µâ€ğŸ’«ğŸ¤¨
jessicacarrilloesquivel,18076998487638981,ğŸ˜‚ğŸ˜‚ğŸ˜‚â¤ï¸
lili_armonia_y_abundancia,18102139108493340,ğŸ˜‚ğŸ˜‚ğŸ˜‚ğŸ˜‚ğŸ˜‚ğŸ˜‚ da mucha risa!
carlos21narvaez,18130659748365139,ğŸ˜‚ğŸ˜‚ğŸ˜‚ğŸ˜‚ğŸ˜‚
mary_91bocanegra,18321203410165600,Osea GIL  como que de una persona brillante como Trump. Que mal tu voluntario tanto como lo que pasa  y las ideas tan gachas como averle dicho indirectamente ignorante o poco inteligente que horror
180_ht_barbershop,18038366753428981,Otro que esta cancelado ğŸ˜‚ğŸ˜‚ğŸ˜‚pobre prrrrro
diana_gruintal,18072876205740077,ğŸ˜‚ğŸ˜‚ğŸ˜‚ğŸ˜‚ğŸ˜‚
lifeof_jaytee,18035223824214171,Maya hablantes hahahha
srobles17,17898740364139325,ğŸ˜‚ğŸ˜‚ğŸ˜‚ğŸ˜‚ğŸ˜‚
lizoredi,18031603886629353,ğŸ˜‚ğŸ˜‚ğŸ˜‚ğŸ˜‚ğŸ˜‚
jonyjacwolf5,17902303797100509,ğŸ‘
veganbeauty_andmore,17847381732411288,Amo YucatÃ¡n y la maya
emiliano.arellano1,18034143047622656,otro perro trumpista
borghellapopperella,18045252623345423,Megaaaa
alejandraguayaba,18337377274157559,Me encanta a mi los Yucatecos!!
bettylovesau,18076563601663362,ğŸ˜‚ğŸ˜‚ğŸ˜‚ğŸ˜‚ğŸ˜‚ğŸ˜‚ğŸ˜‚ğŸ˜‚ğŸ˜‚ğŸ˜‚ğŸ˜‚ğŸ˜‚ğŸ˜‚ğŸ˜‚ğŸ˜‚ğŸ˜‚ğŸ˜‚ğŸ˜‚ğŸ˜‚ğŸ˜‚
lugoenes,18058642786994179,A lo maracucho.
lemo3986,18366673723192007,Ta bien wey
doar3103,18037192697452564,"Esos yucatecos son bien sabe cÃ³mo ğŸ˜Ÿ, se deberÃ­an de independizar para que ya no pertenezcan a MÃ©xico jajajaja"
lizzyliz.lv,18071311957773408,Soy de Tabasco y le entendÃ­ muy bien ğŸ˜‚ğŸ˜‚ğŸ˜‚ğŸ˜‚
victorhugort,18072665554741582,Pendejadas
lupocandanoza,18038999516383957,@isaacomarduarte esque  no se les entiende !
monpavano,18014060135694110,Yo nunca entendÃ­ eso. Mejor preguntaba Â¿Necesitas que te dÃ© ... (Ejemplo: 10 pesos)? Â¿O quÃ© si yo necesito 10 pesos? Jajajaja
zuriel_rey,18059818013312727,"La primera vez que me dijeron ""te presto feriado para el tucsa"" ğŸ¥´"
yordanromero_,18361446631133621,No estÃ¡ correcto ese espaÃ±ol mal uso de los vocablos
throughmyeyes_0810,18055500038486070,"@yordanromero_ ""No es correcto ese espaÃ±ol, hace mal uso del vocablo"", asÃ­ se escribe correctamente lo que quieres decir, hasta una simple coma hace una gran diferencia. Eres muy bueno para criticar/opinar y muy malo para escribir, deberÃ­as cuidar tu gramÃ¡tica y ademÃ¡s entender que no es un mal uso del vocablo estrictamente en estos casos, ya que se considera regionalismo lingÃ¼Ã­stico, ya que el Maya es un dialecto que aÃºn se habla en ciertas zonas y mezclan las palabras con el espaÃ±ol o se adoptan o se ajustan,  asÃ­ como dicen en el vÃ­deo, se tiene arraigado el maya al hablar."
yordanromero_,18024871247380329,@throughmyeyes_0810 cierto
felix_mendoza94,18064052587760644,@yordanromero_ jajajajajajajaja mejor cÃ¡llate
lifebythesea7,17882826330146276,@throughmyeyes_0810 alguien que estudiÃ³ lo sabe
odca_odca,18036527132621255,@throughmyeyes_0810 tiene la mente completamente llena de razÃ³n.
plnkish,17852378865452706,@throughmyeyes_0810 El Maya no es un dialecto. Es un idioma. ğŸ’›
alfonzobricenom,18096056809616669,"@yordanromero_ DescolonÃ­zate bebÃ©, escucha lo que ella tiene que decir hasta el final, o hasta que le entiendas"
yordanromero_,18259757929275574,ğŸ˜®ğŸ˜®ğŸ˜®
carmeneljure,17956029908868713,Huay! EstÃ¡ igualita a Ivonne Ortega ğŸ˜‚
adan.narvaez,18002923325563401,"Prestar y pedir prestado es lo mismo, misma palabra"
jonarendonn,17869751052224377,ğŸ™„ğŸ‘
silvialeps9,18065507020909268,@jonarendonn pero si hoooola! Nos entendemos a la perfecciÃ³n y a las pruebas me remito. ğŸ˜‚
joseav29,18257540827285895,Lo de la persona brillante fue sarcazmo vdd??
loltum01,18027779855337118,"Ve con @adelamicha , esta crack ella, super amena"
loltum01,18023422025388912,Que maravilla..... pos mas entevistad
perlamontielofficial,17892573534172207,Ay no entendÃ­
jorge.agnorve,18078818185564123,ğŸ˜‚
kronoz1945,18041687801585053,Que idiotez.  No mezcles espaÃ±ol y maya.
jjavierolivar,17919511586948549,Justo iba a poner un comentario similar
sya_sports_,18070725550835734,Jajaja en Chiapas es similarğŸ˜‚
nellyartlover,18036473411527792,ğŸ˜‚ğŸ˜‚ğŸ˜‚ğŸ˜‚
andremucinote,18058485614310688,O sea por eso ğŸ˜‚ğŸ˜‚ğŸ˜‚
gaboguerrerophoto,18260847091273064,"De los creadores de â€œBusco, busco pero no lo buscoâ€; â€œse pintan casas a domicilioâ€, llega esta joya â€¦."
jesusuriasr23,18105844912472193,Maya  teğŸ˜‚
alejandro.delta,18028732154324902,"Es como cuando dices:
â€œTe pido una disculpaâ€
Â¿Por quÃ© carajo le pedirÃ­as una disculpa? La forma correcta es â€œte ofrezco una disculpaâ€"
manuelglp,18040191122163127,"Ese puede tener mÃ¡s sentido porque estÃ¡s pidiendo que te disculpen (dame TU perdÃ³n) de hecho ofrecer una disculpa sÃ­ estÃ¡ al revÃ©s, Â¿no? ğŸ¤” Ya me confundÃ­â€¦."
soyluisaelias,18038273162608223,"Ambas son correctas, la disculpa es un perdÃ³n, una excusa o justificaciÃ³n. Si ofreces una disculpa es porque estÃ¡s pidiÃ©ndole a alguien la oportunidad de justificarte o explicarte, si pides una disculpa es porque estÃ¡s pidiendo que te eximan de algo que hiciste mal. En realidad podrÃ­a ser â€œte ofrezco una explicaciÃ³n, te pido perdÃ³nâ€"
gabo__morales_,18033568211642224,"TambiÃ©n hubo un tiempo que pensÃ© eso; pero en realidad la expresiÃ³n â€œte pido una disculpaâ€ es que la segunda persona te quite una culpa â€œdisâ€ (des/dejes de) â€œculpaâ€, en otras palabras con el mismo sentido serÃ­a â€œte pido me quites la culpa (carga, pesar, etc). El hecho de ofrecer una disculpa serÃ­a contradictorioâ€¦ No podrÃ­as quitarle la culpa a alguien que no la tiene. â€œTe ofrezco quitarte (yo a ti) la culpa (por el error que yo cometÃ­)â€ ahora no tiene mucho sentido. Â¿O sÃ­?"
tere_ram_hidalgo,18039911345139183,"Tantas veces qm a dicho mi niÃ±o ama n ""busco"" mi carrito es yucateco sin saberğŸ˜®ğŸ‘ğŸ˜‚"
wconcept.mx,18036191672426969,ğŸ‘ğŸ‘ğŸ‘ğŸ‘ğŸ‘ Me encantan !
toyacastillo,18045944999208887,Excelente explicaciÃ³n ğŸ‘ğŸ‘ğŸ‘ğŸ‘ğŸ‘ğŸ‘ğŸ‘
evablanco1,18007066895530662,@alexis8acm
rodriguezalma466,18491810878022330,Te presto un millÃ³n de pesos .. oh decepciÃ³n.  Naaadie tiene.ğŸ˜‚
rosavaldezb,18076890154734034,Wow!!!
guillelove,18080177353620280,DONDE VER LA ENTREVISTA COMPLETA?
any95alfa,18074317468737864,DÃ³nde se puede ver el episodio completo
libra0788,18049918189976369,@any95alfa YouTube
any95alfa,18071848174702357,@libra0788 pero no lo encuentro
mal_bicho_,18056322812033506,Sigo viendo el video solo para entenderlo correctamente. ğŸ˜‚  Nos vemos el 13 de marzo Tila. ğŸ˜˜
throughmyeyes_0810,18352039648176245,"@mal_bicho_ Si dices ""Te presto 100pesos"" Cualquiera entenderÃ­a lo correcto QuÃ© YO TE PRESTO 100pesos, en este lado, si te dicen ""Te presto 100pesos?"" significa que ELLOS te estÃ¡n pidiendo dinero, es decir, lo dicen al revÃ©s. Ahora si yo te dÃ­ los 100pesos, cualquiera dirÃ­a ""Te prestÃ© 100pesos"" pero ellos no, dicen ""Te tengo prestados 100pesos"" o sea, como si ellos te hubieran dado el dinero, pero es al revÃ©s. ğŸ˜‚ğŸ˜‚ Si es complicado  de entender a la primera cuando te lo dicen."
mal_bicho_,18025625627375906,@throughmyeyes_0810 hahaha quÃ© loco
rogemmanuelreyes,18107718949465602,
josegarp,18024069698648111,Prestar en YucatÃ¡n funciona como el borrow en inglÃ©s
hectorlopez1702,18139968319342920,"Persona brillante como "" Donald Trump ""ğŸ¤”ğŸ§ y ademÃ¡s le dijo tonta ğŸ¤¦ğŸ»ğŸ¦§ğŸ¤£ğŸ¤£ğŸ¤£"
memowrc,18025416842356853,Pero...Â¿quÃ© no en vez de la tengo prestada lo correcto serÃ­a la tengo en prÃ©stamo?ğŸ˜³ğŸ¤”ğŸ¤”ğŸ¤”
franciisfalcon,18083916712608690,Es correcto pero aquÃ­ hablan como quieren los pelanas yucatecos
memowrc,18067748536884100,@franciisfalcon ooh Â¿entonces es real? Â¿Tienen esos modismos? Que genial yo creÃ­ que estaba bromeando ğŸ˜„ Gracias por tu respuesta!!!
mauriciodaguileralinde,17866964298243108,En Andalucia igual ğŸ¤”
erikpro,17983649105648942,
luis.albertobmz,18008871743520526,"Una persona brillante como,,, mmm"
olii_alonzo,18053043847922441,"Yo soy 100% yucateca y nunca he entendido esa pendejada,  de prestar"
nohe_turbina,17848212792386421,CÃ³mo que una persona brillante como trump si le entenderÃ­a??? Fue sarcasmo o en serio??
luell_09,18031007831627188,@nohe_turbina sarcasmo ğŸ¤£
joseestrada.dev,18084708415579335,Le hubiera entendido mejor en maya
rosamarialagunagomez,18053450693280833,Hermoso Marco!!!
alekzmendozamx,17951693510791176,Como â€œlo busque pero no lo busqueâ€?
luis.art.prz,18084619141590483,"En el sur asÃ­ hablamos, en Chiapas aplica exactamente igual"
natalia.kim.58760,18484683091050215,Ooooooh ğŸ˜®ğŸ˜®ğŸ˜®ğŸ˜®
jordania_jimenez3024,18099218488506373,ğŸ˜‚ğŸ˜‚ğŸ˜‚ğŸ˜‚ğŸ˜‚Y yo pensando mal cuando dijo :me prestas te presto pero prestar esq tambiÃ©n me prestaste. ğŸ˜‚ğŸ˜‚ğŸ˜‚OjalÃ¡ me entiendan like si si ğŸ˜‚ğŸ˜‚ğŸ˜‚ğŸ˜‚ğŸ˜‚ğŸ˜‚ğŸ˜‚ğŸ˜‚
jordania_jimenez3024,18079243384651662,@jordania_jimenez3024 q va a hacer el chavo con las aguas frescas una q es de horchata pero sabe a jamaicağŸ˜‚ğŸ˜‚ğŸ˜‚ğŸ˜‚ğŸ˜‚
marycelagallareta,18113094733406948,"Como la palabra gustar, no decimos esta viendo la tele, esta gustando la tele"
penicheojeda,18198811753306577,Bien
marucoello,18046019576214895,ğŸ˜‚ğŸ˜‚ğŸ˜‚ğŸ˜‚ğŸ˜‚ğŸ˜‚
amelia10946,18037112867408164,ğŸ˜‚ğŸ˜‚
duarte_ale9,17889875811189462,DÃ³nde se encuentra esta entrevista?
libra0788,18050601047471713,@duarte_ale9 YouTube
habla_day,18164129392329455,Wooww ya le entendÃ­ jajs â¤ï¸ğŸ”¥
denisse_qotsagt010018,18013632137507203,â¤ï¸Ayyy AaaaamoğŸ˜‚ğŸ˜‚ğŸ˜‚ğŸ˜‚ğŸ˜‚
tt_mayo,18360681127124313,"Una persona brillante como Donald Trump, mmm harÃ­a tantas pendejadas como las que estÃ¡ haciendo en MÃ©xico"
angieruvalcabagonzalez,18052598309152082,@tt_mayo es sarcasmo ğŸ¤¦ğŸ»â€â™€ï¸
tt_mayo,17947946495796866,"Ese Regil, cÃ³mo quÃ© no entendiÃ³?"
anglmnrk,18051422858132012,Un momento... Brillante como Donald Trump? Ya valiste riata!
angieruvalcabagonzalez,18049635004992419,@anglmnrk sarcasmo
anglmnrk,18259214839276185,Mmmm no lo sÃ©.. marco Antonio ha dado nuestras de estupidez
you_got_this_ok,18322142806163728,"Que fue lo que Ã©l dijo? 

â€œâ€¦ una persona brillante como Donald Trumpâ€

Kheee ğŸ˜‚ğŸ˜‚"
angelruztenor1,18073423048780327,@you_got_this_ok exacto... cÃ³mo que brillante???
mailocusi,17854134492389051,@you_got_this_ok Por un momento pensÃ© que el tipo era inteligente! ğŸ¤¦ğŸ½
you_got_this_ok,18062161219924864,@milly0nz jajaja espero que si ğŸ˜‚ğŸ˜‚ğŸ˜‚
joshgmena,18022909973670670,"@you_got_this_ok el tipo es un multimillonario dos veces presidente de EEUU, tonto, no es."
maestro_ojo,18090802798491266,@you_got_this_ok la dinastÃ­a de los regil brillan por su genio.
angieruvalcabagonzalez,18297088249245976,@you_got_this_ok fue sarcasmo
giselewestyn,17947946435955541,@you_got_this_ok o sea a ella le dijo bruta ğŸ˜‚
dashbenatemporal,18496703209048259,@you_got_this_ok Brillante?? Es fosforescente ğŸ˜‚ğŸ˜‚ğŸ˜‚
linygomez,18046097291256865,Y en el resto del paÃ­s como es el de prestar?
safiro_villamil,18042546938099834,"@linygomez me la prestÃ³, pero nosotros decimos tenga prestada la pluma"
soniamendia,18036700490445706,"@linygomez como debe de ser, la Ãºnica forma correcta, dar algo a alguien con la finalidad de que lo use"
throughmyeyes_0810,17986895237638605,"@soniamendia Es diferente, Si dices ""te presto"" 100 pesos? Cualquiera entenderÃ­a lo correcto. Que YO TE PRESTO 100 pesos, aquÃ­ si te dicen ""Te presto 100pesos"" quiere decir que ellos te estÃ¡n pidiendo 100pesos. Lo dicen al revÃ©s. Ahora, si yo te di los 100 pesos, cualquiera dirÃ­a ""Te preste 100pesos"", pero ellos no. Dicen ""Tengo prestados 100pesos""  o sea como si ellos te hubieran dado el dinero, pero es al revÃ©s. Si esta complicado de entender a la primera cuando te lo dicen jajağŸ˜‚"
dovsuas10,18048775313214637,"@throughmyeyes_0810 asi me paso con una amiga de puebla, yo le habia prestado $20dls y ella le dijo a su esposo qe ella me los habia prestado ami y yo qede asi ğŸ‘€ jajaja ya luego me explico bien."
soniamendia,17886002775123029,"@throughmyeyes_0810 totalmente es muy complicado de entender cuando te lo dicen a la primera vez, y a la segunda y a la tercera y todas las veces en realidad jajajaja entiendo que viene por las distintas culturas pero es que las reglas del idioma estÃ¡n por algo ğŸ«  si me van a pedir los 100 pesos para eso existe el verbo PEDIR y a cambio yo uso el PRESTAR, but it is what it is I guess? and donâ€™t get me started with â€œLO BUSCO LO BUSCO Y NO LO BUSCOâ€ DIOS ME EXPLOTA LA CABEZA JAJAJA ğŸ˜‚"
throughmyeyes_0810,17885486097218833,"@soniamendia Jajajaja ya sÃ© ğŸ˜‚, Cuando lleguÃ© a vivir a la zona, se me perdiÃ³ mi cel y le hable al chÃ³fer para que lo buscara porque quizÃ¡ se cayÃ³ en el asiento o abajo, no sÃ© que lo busque! Jaja y me dice ahorita lo busco.. ok espero.. marque de nuevo y le preguntÃ© si encontrÃ³ algo. Me dice ""No lo busco"", yo toda desesperada le dije ""Pues busca!"" Jaja ve abajo del asiento tambiÃ©n y Ã©l ""es que no lo busco por ningÃºn lado"", de nuevo yo ""ok te marco al rato"" yo pensando que iba a pararse a buscar. Jajajaja marco de nuevo y le pregunto, ya buscaste? Ã‰l ""Es que no lo busco"" ğŸ˜‚ğŸ˜‚ğŸ˜‚ yo toda frustrada, triste, enojada, jajaja le digo a mi novio. Es que ni siquiera lo busca!  Jajaja en fin, dicen por perdido mi cel. Como 3 meses despuÃ©s me entero que aquÃ­ asÃ­ dicen cuando no lo encuentran! Jajajaja y yo presionando lo a cada rato. ""BÃšSCALO"" ğŸ˜‚ğŸ˜‚ğŸ˜‚"
puffalumpa,18180015595330790,"@soniamendia se vale usar ""prestar"" Pero tendrÃ­a que ser ""prÃ©stame 100 pesos"""
ivonne_ty,17947406573943928,Jajajajaja
jisrael_millan,17870619642296471,En maya para diferenciar entre buscar y encontrar la partÃ­cula Â«tâ€™sookÂ»
tmsky12,18485803459035726,Jaja eres bien chorera @tilasesto jaja mareaste a marco
erick_jimenezr,17994856988757628,Suena a pocho
yazmincc_242529,18106584655487128,Jajajajja si Tila igual es sÃºper inteligente ğŸ‘jajaja el q no entiendo jajajajja pues jajajajja
helenakaliope,17912874515985275,ğŸ˜‚ğŸ˜‚ğŸ˜‚que burrro
oshkal,18022482848416254,Ahora resulta que estÃ¡n p3nd3j0s por los Mayas
soylestrange,17959720178889356,ğŸ˜‚ğŸ˜‚ğŸ˜‚ğŸ˜‚
