hashtags:,#carnavaldecampeche2023,#tilamariasesto,#comedia
post_url,username,comment_id,comment_text
montsepastranae,17857137353939937,https://www.instagram.com/p/CoyGnL0jLDO/,ğŸ‘ğŸ‘ğŸ‘ğŸ‘ğŸ‘ğŸ‘ğŸ‘ğŸ‘ğŸ‘
rociojasminj55,17889154052792365,https://www.instagram.com/p/CoyGnL0jLDO/,Lastima no pude ir  me hubiera gustado conocerte en persona y me gusta  como haces tu trabajo de comediante eres excelente he igual que marytere son fabulosos los 2 saludos y bendiciones en todo lo que hagan de aquÃ­ de campeche.
israel_de_jesus_m_o,17985237343766536,https://www.instagram.com/p/CoyGnL0jLDO/,Tila y el de CancÃºn
rech_tzec,17984120128905060,https://www.instagram.com/p/CoyGnL0jLDO/,Me gustÃ³ mucho su show de lo mejor ğŸ‘
lizbethlopez_,18007221913571823,https://www.instagram.com/p/CoyGnL0jLDO/,ğŸ‘ğŸ‘ğŸ‘
natalypimentel_,17983098715928643,https://www.instagram.com/p/CoyGnL0jLDO/,Sube el de CancÃºn ğŸ˜¢
brayan_alex_rodriguez_,17887709120789665,https://www.instagram.com/p/CoyGnL0jLDO/,Que chido estubo ğŸ‘
manugutierrez85,17945664785415232,https://www.instagram.com/p/CoyGnL0jLDO/,Te manda saludos badbunny
charitinamontero,17865709460864028,https://www.instagram.com/p/CoyGnL0jLDO/,Te ame tilasesto cuando dijiste que si llevaron asus maridos con cara de culo y me senti identificada con el junto a mi jajajjajaj pero sebwiahobdebrisa maaa besos
guillermo_reyes_gomez,17971527917140979,https://www.instagram.com/p/CoyGnL0jLDO/,ğŸ‘ğŸ‘ğŸ‘ğŸ‘ğŸ‘ la mejor noche tila ğŸ˜
carlosmden,18026404210435553,https://www.instagram.com/p/CoyGnL0jLDO/,ğŸ˜®
deysi.garciamazariegos,17955570788518699,https://www.instagram.com/p/CoyGnL0jLDO/,BuenÃ­simo ğŸ‘
andyzuloagaj,17943850148540109,https://www.instagram.com/p/CoyGnL0jLDO/,AmeeeeeğŸ’—ğŸ‰
itaalex17,17877395117779864,https://www.instagram.com/p/CoyGnL0jLDO/,Toda una rockstar !!!!!! ğŸ‘ğŸ‘ğŸ‘ğŸ‘ğŸ‘ğŸ‘ğŸ‘ğŸ‘
karlotasr,18024672130469030,https://www.instagram.com/p/CoyGnL0jLDO/,Eres chingona Tila! â¤ï¸
leydipe09,18073216201346051,https://www.instagram.com/p/CoyGnL0jLDO/,ğŸ‘ğŸ‘ğŸ‘ğŸ‘ğŸ‘
gladely_1988,18108876940307284,https://www.instagram.com/p/CoyGnL0jLDO/,Eres una yucateca chingona
soytupmadre,17965621217237065,https://www.instagram.com/p/CoyGnL0jLDO/,La mÃ¡s!!! ğŸ‘ğŸ‘ğŸ‘ğŸ‘
nfcbyaehp,18205910179238087,https://www.instagram.com/p/CoyGnL0jLDO/,Lo mejor que tubo el carnaval ğŸ˜ğŸ˜ğŸ˜ğŸ˜ nos vemos en el renacimiento ğŸ˜ğŸ‰
gorvi069,17979488716860035,https://www.instagram.com/p/CoyGnL0jLDO/,ğŸ‘ğŸ‘ğŸ‘ğŸ‘ğŸ‘
faboruiz,17974388483087135,https://www.instagram.com/p/CoyGnL0jLDO/,Incate siempre que estÃ©s en Campeche porfasğŸ˜â¤ï¸
alex_peniche_brito,17985438583891801,https://www.instagram.com/p/CoyGnL0jLDO/,@faboruiz chale jajaja
88sc1467car,18179802988254501,https://www.instagram.com/p/CoyGnL0jLDO/,@faboruiz estas bueyğŸ˜‚somos yucatacecos.no pendejosğŸ”¥
isa_rdz_83,17870355044895661,https://www.instagram.com/p/CoyGnL0jLDO/,@faboruiz jajaja jaja era al revÃ©s jaja por quÃ© ahÃ­ en campeche todo hacen al revez
doramaria.moralesdiaz,18001012870569321,https://www.instagram.com/p/CoyGnL0jLDO/,ğŸ‘ğŸ‘ğŸ‘ğŸ‘ğŸ‘â¤ï¸â¤ï¸â¤ï¸â¤ï¸
soyalexquiroz,17986694767868710,https://www.instagram.com/p/CoyGnL0jLDO/,Patrona!!!
addy_b_aranda,17894540174768144,https://www.instagram.com/p/CoyGnL0jLDO/,BuenÃ­simo tu show Tila ğŸ‘ğŸ‘ te vimos en casa alegrando nuestro Carnaval ğŸ‘
maytemarquez_,18036677335428965,https://www.instagram.com/p/CoyGnL0jLDO/,ğŸ‘
yadira.cynthia,18005026777599509,https://www.instagram.com/p/CoyGnL0jLDO/,ğŸ˜®ğŸ˜®ğŸ˜®ğŸ˜®ğŸ˜
clawsdelgado,18234463210161886,https://www.instagram.com/p/CoyGnL0jLDO/,Y nosotros a ti ğŸ˜ğŸ˜ğŸ˜ğŸ˜ğŸ˜ğŸ˜
reinamicela,17851628417901926,https://www.instagram.com/p/CoyGnL0jLDO/,Muchas felicitaciones Tila se ve que se puso bueno
esther4453,18000254389618965,https://www.instagram.com/p/CoyGnL0jLDO/,ğŸ˜ğŸ˜ğŸ˜ğŸ˜ğŸ‘
bibyrabelo,18012833683530583,https://www.instagram.com/p/CoyGnL0jLDO/,Excelente muchas gracias por estar en nuestro Carnaval ğŸ§¡
maris_iniguez,17995560061674668,https://www.instagram.com/p/CoyGnL0jLDO/,Te lo mereces . Ã‰xito ğŸ˜
eddylv,17918837159677625,https://www.instagram.com/p/CoyGnL0jLDO/,Ya me habÃ­a olvidado de lo cagâ€¦da que eres ğŸ‘ğŸ‘ğŸ‘ğŸ‘ me encantÃ³ y eso que lo vi en tv
cruz.alberto.pp,17911286120678722,https://www.instagram.com/p/CoyGnL0jLDO/,"Autentica y original tila, felicidades"
ivaaa.3452,17897743250752627,https://www.instagram.com/p/CoyGnL0jLDO/,"Gracias por hacerme reÃ­r cuando mÃ¡s lo necesito, amo tu trabajo."
hiz0ps,17847445682918700,https://www.instagram.com/p/CoyGnL0jLDO/,Tuvo buenÃ­simo
chep_gtz03,17974462045935866,https://www.instagram.com/p/CoyGnL0jLDO/,Te amooooo
chep_gtz03,17896828529756011,https://www.instagram.com/p/CoyGnL0jLDO/,ğŸ˜ğŸ˜ğŸ˜ğŸ˜ğŸ˜ğŸ˜
