https://www.instagram.com/p/DTiR3VwkVdn/,hashtags:,#RecorridoCultural,#GaleriaDeArteSacro,#ArquidiosesisDeYucatan,#ArteSacro,#TurismoCultural
username,comment_id,text
killer_quake,18070186037140664,ğŸ‘ğŸ‘ğŸ‘
elevgc,18092812291965068,Anotado para ir a conocer ğŸ‘ğŸ‘
creatoc,17901288060204552,ğŸ˜‚
rodrosolis,18061758968301436,ğŸ™ŒğŸ™ŒğŸ™Œ
jolamyt,17952075858078360,ğŸ™Œâ¤ï¸ğŸ™Œâ¤ï¸ğŸ™Œâ¤ï¸
ruby.maldonadosalazar,17950049397074043,ğŸ‘ğŸ‘ğŸ‘
altagracia.mx,18020756426623243,ğŸ‘
creatoc,18151896478441648,Laaaas amoooâ¤ï¸â¤ï¸
gracielaestradapinto,18075741545624753,Fabulosooooooo ğŸ‘ğŸ‘ğŸ‘ğŸ‘
creatoc,18079881167193486,Amoooi
