https://www.instagram.com/p/0Gqch0qy-n/,hashtags:,#touchmarkers,#saintseiya,#aphrodite,#anime,#piscis,#zodiaco,#drawingprocess,#artprocess
username,comment_id,text
richya_li_f7c2,17847479623057763,@yakolin7
vickywolff,17847475738057763,#arts_mag #arts_help #arts__gallery
vickywolff,17847475735057763,@arts__gallery
vickywolff,17847475732057763,@arts_help
vickywolff,17847475726057763,@arts_mag
gumersindo91,17847461320057763,#albafica
drhistrionico,17847461176057763,Esta increíble!!!!
vickywolff,17847460939057763,#art #arte #artist #artistic #artfido #artofdrawingg #beauty #cartoon #cartoonist #caballerosdelzodiaco #drawing #draw #drawingtime #golden #estilografo #artista #artístico #dibujo
